QA-198	PASS	runs/2026-07-04/QA-198-report.md
QA-281	FAIL	runs/2026-07-04/QA-281-report.md
QA-457	BLOCKED	runs/2026-07-04/QA-457-report.md
QA-520	PASS	runs/2026-07-04/QA-520-report.md
QA-837	FAIL	runs/2026-07-04/QA-837-report.md
QA-929	FAIL	runs/2026-07-04/QA-929-report.md
QA-949	BLOCKED	runs/2026-07-04/QA-949-report.md
QA-1053	BLOCKED	runs/2026-07-04/QA-1053-report.md
QA-1124	PASS	runs/2026-07-04/QA-1124-report.md
QA-1519	PASS	runs/2026-07-04/QA-1519-report.md
QA-1677	FAIL	runs/2026-07-04/QA-1677-report.md
QA-2035	PASS	runs/2026-07-04/QA-2035-report.md
QA-2498	PASS	runs/2026-07-04/QA-2498-report.md
QA-2706	FAIL	runs/2026-07-04/QA-2706-report.md
QA-3630	FAIL	runs/2026-07-04/QA-3630-report.md
QA-12532	FAIL	runs/2026-07-04/QA-12532-report.md
QA-19482	BLOCKED	runs/2026-07-04/QA-19482-report.md
QA-19557	FAIL	runs/2026-07-04/QA-19557-report.md
QA-20988	FAIL	runs/2026-07-04/QA-20988-report.md
QA-23969	FAIL	runs/2026-07-04/QA-23969-report.md
QA-24544	UNKNOWN	runs/2026-07-04/QA-24544-report.md
QA-27854	PASS	runs/2026-07-04/QA-27854-report.md
QA-27856	PASS	runs/2026-07-04/QA-27856-report.md
QA-28799	PASS	runs/2026-07-04/QA-28799-report.md
QA-29479	SKIPPED	runs/2026-07-04/QA-29479-report.md
QA-33510	SKIPPED	runs/2026-07-04/QA-33510-report.md
QA-43916	PASS	runs/2026-07-04/QA-43916-report.md
QA-51425	PASS	runs/2026-07-04/QA-51425-report.md
QA-51490	PASS	runs/2026-07-04/QA-51490-report.md
QA-52776	PASS	runs/2026-07-04/QA-52776-report.md
QA-65554	PASS	runs/2026-07-04/QA-65554-report.md
QA-85176	PASS	runs/2026-07-04/QA-85176-report.md
QA-90213	BLOCKED	runs/2026-07-04/QA-90213-report.md
QA-96038	BLOCKED	runs/2026-07-04/QA-96038-report.md
QA-96665	FAIL	runs/2026-07-04/QA-96665-report.md
QA-96818	BLOCKED	runs/2026-07-04/QA-96818-report.md
QA-98368	BLOCKED	runs/2026-07-04/QA-98368-report.md
QA-100764	BLOCKED	runs/2026-07-04/QA-100764-report.md
QA-103248	UNKNOWN	runs/2026-07-04/QA-103248-report.md
QA-104870	PASS	runs/2026-07-04/QA-104870-report.md
QA-106218	PASS	runs/2026-07-04/QA-106218-report.md
QA-109062	BLOCKED	runs/2026-07-04/QA-109062-report.md
QA-109920	PASS	runs/2026-07-04/QA-109920-report.md
QA-110074	PASS	runs/2026-07-04/QA-110074-report.md
QA-116113	FAIL	runs/2026-07-04/QA-116113-report.md
QA-129606	BLOCKED	runs/2026-07-04/QA-129606-report.md
QA-129803	PASS	runs/2026-07-04/QA-129803-report.md
QA-130076	BLOCKED	runs/2026-07-04/QA-130076-report.md
QA-131491	FAIL	runs/2026-07-04/QA-131491-report.md
QA-131492	BLOCKED	runs/2026-07-04/QA-131492-report.md
QA-132387	BLOCKED	runs/2026-07-04/QA-132387-report.md
QA-132392	BLOCKED	runs/2026-07-04/QA-132392-report.md
QA-134173	PASS	runs/2026-07-04/QA-134173-report.md
QA-134182	PASS	runs/2026-07-04/QA-134182-report.md
QA-134184	PASS	runs/2026-07-04/QA-134184-report.md
QA-134185	PASS	runs/2026-07-04/QA-134185-report.md
QA-134188	PASS	runs/2026-07-04/QA-134188-report.md
QA-134277	BLOCKED	runs/2026-07-04/QA-134277-report.md
QA-134448	BLOCKED	runs/2026-07-04/QA-134448-report.md
QA-134449	BLOCKED	runs/2026-07-04/QA-134449-report.md
QA-134516	BLOCKED	runs/2026-07-04/QA-134516-report.md
QA-134594	PASS	runs/2026-07-04/QA-134594-report.md
QA-135319	PASS	runs/2026-07-04/QA-135319-report.md
QA-135321	FAIL	runs/2026-07-04/QA-135321-report.md
QA-138031	FAIL	runs/2026-07-04/QA-138031-report.md
QA-139187	BLOCKED	runs/2026-07-04/QA-139187-report.md
